Term;Display;Status;Synonym;FR;EN;NL;FR Note;EN Note;NL Note
AdministrationDate;Administration Date;accepted;;date à laquelle un produit ou un vaccin est administré au patient par le Performer;date on which a product or vaccine is administered to the patient by the Performer;datum waarop een product of vaccin door de Performer aan de patiënt is toegediend;Une période de la vie peut aussi être mentionnée si les dates sont inconnues (pendant l’enfance, à l’adolescence…);For vaccines, a life period may also be recorded when the exact date is unknown (during childhood, adolescence, …).;Indien de data onbekend zijn, kan ook een levensfase worden vermeld (tijdens de kindertijd, in de adolescentie…)
Asserter;Asserter;accepted;;personne qui rapporte l'information enregistrée dans le CareSet;person who reports the information recorded in the CareSet;persoon die de in de CareSet geregistreerde informatie rapporteert;Représenté ici dans la mesure du possible par le N° du registre national (NISS) ou le numéro BIS comme son identifiant unique. Toutefois, lorsqu’il s’agit d’un parent ou proche, seul le rôle sera encodé (ex : père, mère, voisin, aidant-proche, ami, …) pour répondre aux exigences RGPD. Dans un premier temps, on utilisera le texte inspiré du futur ValueSet et par la suite, on utilisera le ValueSet « VS_PatientRelationshipType » en cours de validation chez SNOMED/ FHIR international. Ce sera un ValueSet transversal (ex : utilisé aussi pour les antécédents familiaux). Attention, actuellement, il n’y a pas de référence vers un CareSet administratif.;For example: the patient, the general practitioner, a relative, or the professional recording the information themselves.;"""Hier wordt, voor zover mogelijk, het nationale registratienummer (NISS) of het BIS-nummer als unieke identificatiecode gebruikt. Wanneer het echter om een familielid of naaste gaat, wordt alleen de rol ingevoerd (bijv.: vader, moeder, buur, mantelzorger, vriend, …) om te voldoen aan de AVG-vereisten. In eerste instantie zal de tekst worden gebruikt die is geïnspireerd op de toekomstige ValueSet en daarna zal de ValueSet ‘VS_PatientRelationshipType’ worden gebruikt, die momenteel wordt gevalideerd bij SNOMED/FHIR International. Dit wordt een transversale ValueSet (bijv. ook gebruikt voor de familiegeschiedenis). Let op: momenteel is er geen verwijzing naar een administratieve CareSet."""
Author;Author;accepted;Recorder;professionnel de la santé qui enregistre le contenu du CareSet et en assume la responsabilité;healthcare professional who records the content of the CareSet and takes responsibility for it;zorgverlener die de inhoud van de CareSet vastlegt en er de verantwoordelijkheid voor draagt;Toutefois, lorsqu’il s’agit d’un parent ou proche, seul le rôle sera encodé (ex : père, mère, voisin, aidant-proche, ami, …) pour répondre aux exigences RGPD. Dans un premier temps, on utilisera le texte inspiré du futur ValueSet et par la suite, on utilisera le ValueSet « VS_PatientRelationshipType » en cours de validation chez SNOMED/ FHIR international. Ce sera un ValueSet transversal (ex : utilisé aussi pour les antécédents familiaux). Attention, actuellement, il n’y a pas de référence vers un CareSet administratif.;;Wanneer het echter om een ouder of naaste gaat, wordt alleen de rol ingevoerd (bijv.: vader, moeder, buur, mantelzorger, vriend, …) om te voldoen aan de AVG-vereisten. In eerste instantie zal de tekst worden gebruikt die is geïnspireerd op de toekomstige ValueSet en daarna zal de ValueSet „VS_PatientRelationshipType“ worden gebruikt, die momenteel wordt gevalideerd bij SNOMED/FHIR International. Dit wordt een transversale ValueSet (bijv. ook gebruikt voor de familiegeschiedenis). Let op: momenteel is er geen verwijzing naar een administratieve CareSet.
BodyLaterality;Body Laterality;accepted;;côté du corps auquel se rapporte l'information enregistrée;side of the body to which the recorded information refers;zijde van het lichaam waarop de geregistreerde informatie betrekking heeft;(à droite, à gauche, les deux);Right, left, or both.;Links,rechts,beiden
BodyLocation;Body Location;accepted;BodySite;partie du corps à laquelle se rapporte l'information enregistrée;part of the body to which the recorded information refers;lichaamsdeel waarop de geregistreerde informatie betrekking heeft;(tête, jambe, fémur, cœur, …);For example: head, leg, femur, heart, …;(hoofd, been, dijbeen, hart, …)
BodyTopography;Body Topography;accepted;;position relative, à l'intérieur de la partie du corps concernée, du siège de l'information enregistrée;relative position, within the body part concerned, of the site to which the recorded information refers;relatieve positie, binnen het betrokken lichaamsdeel, van de plaats waarop de geregistreerde informatie betrekking heeft;telle que supérieure/inférieure, médiale/latérale ou interne/externe.;For example: superior/inferior, medial/lateral, internal/external.;zoals bovenste/onderste, mediaal/lateraal of inwendig/uitwendig.
BusinessIdentifier;Business Identifier;accepted;Business UniqueIdentifier;identifiant qui désigne une instance de CareSet et qui est unique dans l'espace de nommage du système qui l'attribue;identifier that designates a CareSet instance and is unique within the namespace of the system that assigns it;identificatie die een CareSet-instantie aanduidt en uniek is binnen de naamruimte van het systeem dat haar toekent;Normalement un seul identifiant est admis mais dans certains cas, plusieurs identifiants seront permit (par ex : numéro de passeport, numéro niss dans le cs Bepatient, id Belrai);;Normaal gesproken is slechts één identificatiecode toegestaan, maar in bepaalde gevallen zijn meerdere identificatiecodes toegestaan (bijv.: paspoortnummer, NISS-nummer in het Bepatient-systeem, Belrai-ID)
Category;Category;accepted;;attribut classant un élément de données selon sa signification clinique ou fonctionnelle, permettant d'en regrouper les occurrences;attribute classifying a data element by its clinical or functional meaning, allowing its occurrences to be grouped;attribuut dat een gegevenselement indeelt naar zijn klinische of functionele betekenis, waardoor de voorkomens ervan gegroepeerd kunnen worden;"Permet de distinguer les différents groupes. Est un instrument de recherche. ""MetaData""";;
ClinicalStatus;Clinical Status;accepted;;état rendant compte de l'actualité clinique de l'information enregistrée;state expressing the clinical currency of the recorded information;toestand die de klinische actualiteit van de geregistreerde informatie weergeeft;Ex : active, inactive, completed, Entered_in_error (doit se trouver dans la description);For example: active, inactive, resolved, entered-in-error.;
Code;Code;accepted;;valeur codée désignant le concept clinique auquel se rapporte l'information enregistrée;coded value designating the clinical concept to which the recorded information refers;gecodeerde waarde die het klinische concept aanduidt waarop de geregistreerde informatie betrekking heeft;;;
Device;Device;accepted;;instrument, appareil, équipement, logiciel ou autre article destiné par son fabricant à être utilisé à des fins médicales chez l'être humain;instrument, apparatus, appliance, software or other article intended by its manufacturer to be used for medical purposes in human beings;instrument, toestel, apparaat, software of ander artikel dat door de fabrikant bestemd is om bij de mens voor medische doeleinden te worden gebruikt;;;
ImplantableDevice;Implantable Device;accepted;;dispositif destiné à être introduit en totalité ou en partie dans le corps humain et à y demeurer après l'intervention;device intended to be introduced wholly or partly into the human body and to remain there after the procedure;hulpmiddel dat bestemd is om geheel of gedeeltelijk in het menselijk lichaam te worden gebracht en daar na de ingreep te blijven;Par Exemple : implantation d’un pacemaker.;;bijv. kalibratie, vervanging van de batterij, aanpassing van een prothese, aansluiting van een VAC-systeem voor wondverzorging, enz.), en dat een centraal onderdeel van de procedure vormt. De koppeling vindt plaats via een verwijzing naar een Device-bron.
LotNumber;Lot Number;accepted;;identifiant attribué par le fabricant à l'ensemble des unités produites au cours d'un même cycle de fabrication;identifier assigned by the manufacturer to all units produced in the same manufacturing cycle;identificatie die de fabrikant toekent aan alle eenheden die in eenzelfde productiecyclus zijn vervaardigd;(Par exemple: Vaccin, appareil,...);;
Note;Note;accepted;;informations complémentaires relatives au contenu du CareSet, exprimées en texte libre;Additional information related to the CareSet content in free text format;aanvullende informatie over de inhoud van de CareSet, uitgedrukt in vrije tekst;Une note n'est pas structurée. Il n'y a pas de VS associé. Une note ne contient pas de données sensibles. Ex: Niss du patient,Nom, etc…;;
OriginatingRequest;Originating Request;accepted;;demande de soins ou de prestation dont l'exécution est enregistrée par le CareSet;request for care or service whose execution is recorded by the CareSet;aanvraag voor zorg of verstrekking waarvan de uitvoering door de CareSet wordt geregistreerd;Ex: un IRM basé sur une prescription d'imagerie, une dispensation d'un medicament basé sur une prescription médicamenteuse;;Bijvoorbeeld: een MRI-scan op basis van een beeldvormingsvoorschrift, het verstrekken van een geneesmiddel op basis van een medicijnvoorschrift
PartOf;Part Of;accepted;;CareSet englobant dont l'enregistrement courant constitue un composant;encompassing CareSet of which the current record forms a component;omvattende CareSet waarvan de huidige registratie een onderdeel vormt;Par exemple: Une Observation qui fait parti d'une autre Observation, Une biopsie qui fait parti d'une intervention chirugicale;For example: a biopsy that is part of a surgical intervention.;Bijvoorbeeld: een biopsie die deel uitmaakt van een chirurgische ingreep
Patient;Patient;accepted;;La personne qui est l'objet des soins de santé auxquels le CareSet fait référence.;The person who is the subject of the healthcare to which the record (CareSet) refers;persoon op wie de zorg betrekking heeft waarnaar de registratie verwijst;Le patient est représenté par l’identifiant unique qui doit être le N° de registre national du patient (NISS). mais dans certains cas, on peut autoriser un autre identifiant unique (comme le N° biss ou la combinaison du nom, prénom(s), date de naissance);;De patiënt wordt aangeduid met een uniek identificatienummer, dat het nationale registratienummer van de patiënt (NISS) moet zijn. In bepaalde gevallen kan echter een ander uniek identificatienummer worden toegestaan (zoals het BISS-nummer of een combinatie van de achternaam, voornaam(en) en geboortedatum).
Performer;Performer;accepted;;personne qui a réalisé l'acte enregistré par le CareSet;person who performed the act recorded by the CareSet;persoon die de door de CareSet geregistreerde handeling heeft uitgevoerd;L’identifiant unique doit être le N° de registre national du professionnel (NISS) ou le numéro BIS lorsque le NISS ou numéro BIS existe. Dans le cas contraire, on permet d’encoder éventuellement d’autres informations permettant de l’identifier. Ex : N° INAMI, nom et prénom, n° d’identifiant pour les prestataires étrangers…;For example: administered the vaccine, performed the observation.;De unieke identificatiecode moet het nationale registratienummer van de beroepsbeoefenaar (NISS) zijn, of het BIS-nummer indien het NISS of het BIS-nummer bestaat. Indien dit niet het geval is, is het toegestaan om eventueel andere gegevens in te voeren waarmee de beroepsbeoefenaar kan worden geïdentificeerd. Bijvoorbeeld: RIZIV-nummer, voor- en achternaam, identificatienummer voor buitenlandse dienstverleners…
RecordedDate;Recorded Date;accepted;;date à laquelle l'enregistrement a été saisi par le Recorder;date on which the record was entered by the Recorder;datum waarop de registratie door de Recorder is ingevoerd;(Date de la dernière mise à jour). Permet la gestion de l'historisation du CareSet via le couple Business Identifier - RecordedDate. Qui assure l'accès à la dernière version du contenu.;Date of last update. Enables CareSet history management through the Business Identifier / RecordedDate pair, which ensures access to the latest version of the content.;(datum van de laatste update). Maakt het mogelijk om de historiek van de CareSet te beheren via het paar Business Identifier - RecordedDate. Dit zorgt ervoor dat de laatste versie van de inhoud toegankelijk is.
Route;Route;accepted;;voie par laquelle un produit est mis en contact avec l'organisme;path by which a product is brought into contact with the body;weg waarlangs een product in contact wordt gebracht met het lichaam;produit exemple: un medicament,un vaccin Voir ValueSet VS_Route;See ValueSet VS_Route.;Zie ValueSet VS_Route
SerialNumber;Serial Number;accepted;;identifiant attribué par le fabricant à un exemplaire déterminé d'un dispositif;identifier assigned by the manufacturer to one individual device;identificatie die de fabrikant toekent aan één welbepaald exemplaar van een hulpmiddel;(pour un appareil uniquement);;(alleen voor één apparaat)
Status;Status;accepted;;état de l'enregistrement dans son cycle de vie;state of the record within its lifecycle;toestand van de registratie in haar levenscyclus;Ex : Final, Correcte, Canceled, Entered_in_err;For example: final, corrected, cancelled, entered-in-error.;Ex : Final, Corrected, Canceled, Entered_in_err
UsedDevice;Used Device;accepted;;dispositif médical mis en œuvre pour réaliser l'acte enregistré;medical device used to carry out the recorded act;medisch hulpmiddel dat wordt ingezet om de geregistreerde handeling uit te voeren;(robot chirurgical, appareil de monitoring, …). Les petits instruments standard tels que les scalpels et les seringues ne sont pas enregistrés.Le lien s’effectue via une référence vers une ressource Device.;;(chirurgische robot, bewakingsapparaat, …).
VerificationStatus;Verification Status;accepted;Certainty;degré de confirmation attribué à l'information enregistrée;degree of confirmation assigned to the recorded information;graad van bevestiging van de geregistreerde informatie;Observation.Code : Tension artérielle (75367002) Component.Code : 271649006 : Pression artérielle systolique 271650006 : Pression artérielle diastolique Code du composant du CareSet Observation. Ce composant est uniquement utilisé pour les mesures de la tension artérielle dans le cadre du CareSet ClinicalObservation :;For example: confirmed, unconfirmed, refuted, entered-in-error.;"""Observatie.Code: Bloeddruk (75367002) Component.Code: 271649006: Systolische bloeddruk 271650006: Diastolische bloeddruk Code van de component van de CareSet Observatie. Deze component wordt uitsluitend gebruikt voor bloeddrukmetingen in het kader van de CareSet ClinicalObservation:"""
